name,address,details_about_guest,dob,gender,country_id,state_id,city_id,hobby_id
Aniruddha Jaltare,Sitabuldi,Commist,1997-05-04,Male,1,1,1,"1,4"
Aniruddha Jaltare,Sitabuldi,Commist,1997-05-05,Male,2,2,2,"1,5"
Aniruddha Jaltare,Sitabuldi,Commist,1997-05-06,Male,3,3,3,"1,6"
Aniruddha Jaltare,Sitabuldi,Commist,1997-05-07,Male,4,4,4,"1,7"
Aniruddha Jaltare,Sitabuldi,Commist,1997-05-08,Male,5,5,5,"1,8"
Aniruddha Jaltare,Sitabuldi,Commist,1997-05-09,Male,6,6,6,"1,9"
Aniruddha Jaltare,Sitabuldi,Commist,1997-05-10,Male,7,7,7,"1,10"
Aniruddha Jaltare,Sitabuldi,Commist,1997-05-11,Male,8,8,8,"1,11"
Aniruddha Jaltare,Sitabuldi,Commist,1997-05-12,Male,9,9,9,"1,12"
Aniruddha Jaltare,Sitabuldi,Commist,1997-05-13,Male,10,10,10,"1,13"
Aniruddha Jaltare,Sitabuldi,Commist,1997-05-14,Male,11,11,11,"1,14"
Aniruddha Jaltare,Sitabuldi,Commist,1997-05-15,Male,12,12,12,"1,15"
Aniruddha Jaltare,Sitabuldi,Commist,1997-05-16,Male,13,13,13,"1,16"
Aniruddha Jaltare,Sitabuldi,Commist,1997-05-17,Male,14,14,14,"1,17"
Aniruddha Jaltare,Sitabuldi,Commist,1997-05-18,Male,15,15,15,"1,18"
Aniruddha Jaltare,Sitabuldi,Commist,1997-05-19,Male,16,16,16,"1,19"
Aniruddha Jaltare,Sitabuldi,Commist,1997-05-20,Male,17,17,17,"1,20"
Aniruddha Jaltare,Sitabuldi,Commist,1997-05-21,Male,18,18,18,"1,21"
Aniruddha Jaltare,Sitabuldi,Commist,1997-05-22,Male,19,19,19,"1,22"
Aniruddha Jaltare,Sitabuldi,Commist,1997-05-23,Male,20,20,20,"1,23"
Aniruddha Jaltare,Sitabuldi,Commist,1997-05-24,Male,21,21,21,"1,24"
Aniruddha Jaltare,Sitabuldi,Commist,1997-05-25,Male,22,22,22,"1,25"
Aniruddha Jaltare,Sitabuldi,Commist,1997-05-26,Male,23,23,23,"1,26"
Aniruddha Jaltare,Sitabuldi,Commist,1997-05-27,Male,24,24,24,"1,27"
Aniruddha Jaltare,Sitabuldi,Commist,1997-05-28,Male,25,25,25,"1,28"
Aniruddha Jaltare,Sitabuldi,Commist,1997-05-29,Male,26,26,26,"1,29"
Aniruddha Jaltare,Sitabuldi,Commist,1997-05-30,Male,27,27,27,"1,30"
Aniruddha Jaltare,Sitabuldi,Commist,1997-05-31,Male,28,28,28,"1,31"
Aniruddha Jaltare,Sitabuldi,Commist,1997-06-01,Male,29,29,29,"1,32"
Aniruddha Jaltare,Sitabuldi,Commist,1997-06-02,Male,30,30,30,"1,33"
Aniruddha Jaltare,Sitabuldi,Commist,1997-06-03,Male,31,31,31,"1,34"
Aniruddha Jaltare,Sitabuldi,Commist,1997-06-04,Male,32,32,32,"1,35"
Aniruddha Jaltare,Sitabuldi,Commist,1997-06-05,Male,33,33,33,"1,36"
Aniruddha Jaltare,Sitabuldi,Commist,1997-06-06,Male,34,34,34,"1,37"
Aniruddha Jaltare,Sitabuldi,Commist,1997-06-07,Male,35,35,35,"1,38"
Aniruddha Jaltare,Sitabuldi,Commist,1997-06-08,Male,36,36,36,"1,39"
Aniruddha Jaltare,Sitabuldi,Commist,1997-06-09,Male,37,37,37,"1,40"
Aniruddha Jaltare,Sitabuldi,Commist,1997-06-10,Male,38,38,38,"1,41"
Aniruddha Jaltare,Sitabuldi,Commist,1997-06-11,Male,39,39,39,"1,42"
Aniruddha Jaltare,Sitabuldi,Commist,1997-06-12,Male,40,40,40,"1,43"
Aniruddha Jaltare,Sitabuldi,Commist,1997-06-13,Male,41,41,41,"1,44"
Aniruddha Jaltare,Sitabuldi,Commist,1997-06-14,Male,42,42,42,"1,45"
Aniruddha Jaltare,Sitabuldi,Commist,1997-06-15,Male,43,43,43,"1,46"
Aniruddha Jaltare,Sitabuldi,Commist,1997-06-16,Male,44,44,44,"1,47"
Aniruddha Jaltare,Sitabuldi,Commist,1997-06-17,Male,45,45,45,"1,48"
Aniruddha Jaltare,Sitabuldi,Commist,1997-06-18,Male,46,46,46,"1,49"
Aniruddha Jaltare,Sitabuldi,Commist,1997-06-19,Male,47,47,47,"1,50"
Aniruddha Jaltare,Sitabuldi,Commist,1997-06-20,Male,48,48,48,"1,51"
Aniruddha Jaltare,Sitabuldi,Commist,1997-06-21,Male,49,49,49,"1,52"
Aniruddha Jaltare,Sitabuldi,Commist,1997-06-22,Male,50,50,50,"1,53"
Aniruddha Jaltare,Sitabuldi,Commist,1997-06-23,Male,51,51,51,"1,54"
Aniruddha Jaltare,Sitabuldi,Commist,1997-06-24,Male,52,52,52,"1,55"
Aniruddha Jaltare,Sitabuldi,Commist,1997-06-25,Male,53,53,53,"1,56"
Aniruddha Jaltare,Sitabuldi,Commist,1997-06-26,Male,54,54,54,"1,57"
Aniruddha Jaltare,Sitabuldi,Commist,1997-06-27,Male,55,55,55,"1,58"
Aniruddha Jaltare,Sitabuldi,Commist,1997-06-28,Male,56,56,56,"1,59"
Aniruddha Jaltare,Sitabuldi,Commist,1997-06-29,Male,57,57,57,"1,60"
Aniruddha Jaltare,Sitabuldi,Commist,1997-06-30,Male,58,58,58,"1,61"
Aniruddha Jaltare,Sitabuldi,Commist,1997-07-01,Male,59,59,59,"1,62"
Aniruddha Jaltare,Sitabuldi,Commist,1997-07-02,Male,60,60,60,"1,63"
Aniruddha Jaltare,Sitabuldi,Commist,1997-07-03,Male,61,61,61,"1,64"
Aniruddha Jaltare,Sitabuldi,Commist,1997-07-04,Male,62,62,62,"1,65"
Aniruddha Jaltare,Sitabuldi,Commist,1997-07-05,Male,63,63,63,"1,66"
Aniruddha Jaltare,Sitabuldi,Commist,1997-07-06,Male,64,64,64,"1,67"
Aniruddha Jaltare,Sitabuldi,Commist,1997-07-07,Male,65,65,65,"1,68"
Aniruddha Jaltare,Sitabuldi,Commist,1997-07-08,Male,66,66,66,"1,69"
Aniruddha Jaltare,Sitabuldi,Commist,1997-07-09,Male,67,67,67,"1,70"
Aniruddha Jaltare,Sitabuldi,Commist,1997-07-10,Male,68,68,68,"1,71"
Aniruddha Jaltare,Sitabuldi,Commist,1997-07-11,Male,69,69,69,"1,72"
Aniruddha Jaltare,Sitabuldi,Commist,1997-07-12,Male,70,70,70,"1,73"
Aniruddha Jaltare,Sitabuldi,Commist,1997-07-13,Male,71,71,71,"1,74"
Aniruddha Jaltare,Sitabuldi,Commist,1997-07-14,Male,72,72,72,"1,75"
Aniruddha Jaltare,Sitabuldi,Commist,1997-07-15,Male,73,73,73,"1,76"
Aniruddha Jaltare,Sitabuldi,Commist,1997-07-16,Male,74,74,74,"1,77"
Aniruddha Jaltare,Sitabuldi,Commist,1997-07-17,Male,75,75,75,"1,78"
Aniruddha Jaltare,Sitabuldi,Commist,1997-07-18,Male,76,76,76,"1,79"
Aniruddha Jaltare,Sitabuldi,Commist,1997-07-19,Male,77,77,77,"1,80"
Aniruddha Jaltare,Sitabuldi,Commist,1997-07-20,Male,78,78,78,"1,81"
Aniruddha Jaltare,Sitabuldi,Commist,1997-07-21,Male,79,79,79,"1,82"
Aniruddha Jaltare,Sitabuldi,Commist,1997-07-22,Male,80,80,80,"1,83"
Aniruddha Jaltare,Sitabuldi,Commist,1997-07-23,Male,81,81,81,"1,84"
Aniruddha Jaltare,Sitabuldi,Commist,1997-07-24,Male,82,82,82,"1,85"
Aniruddha Jaltare,Sitabuldi,Commist,1997-07-25,Male,83,83,83,"1,86"
Aniruddha Jaltare,Sitabuldi,Commist,1997-07-26,Male,84,84,84,"1,87"
Aniruddha Jaltare,Sitabuldi,Commist,1997-07-27,Male,85,85,85,"1,88"
Aniruddha Jaltare,Sitabuldi,Commist,1997-07-28,Male,86,86,86,"1,89"
Aniruddha Jaltare,Sitabuldi,Commist,1997-07-29,Male,87,87,87,"1,90"
Aniruddha Jaltare,Sitabuldi,Commist,1997-07-30,Male,88,88,88,"1,91"
Aniruddha Jaltare,Sitabuldi,Commist,1997-07-31,Male,89,89,89,"1,92"
Aniruddha Jaltare,Sitabuldi,Commist,1997-08-01,Male,90,90,90,"1,93"
Aniruddha Jaltare,Sitabuldi,Commist,1997-08-02,Male,91,91,91,"1,94"
Aniruddha Jaltare,Sitabuldi,Commist,1997-08-03,Male,92,92,92,"1,95"
Aniruddha Jaltare,Sitabuldi,Commist,1997-08-04,Male,93,93,93,"1,96"
Aniruddha Jaltare,Sitabuldi,Commist,1997-08-05,Male,94,94,94,"1,97"
Aniruddha Jaltare,Sitabuldi,Commist,1997-08-06,Male,95,95,95,"1,98"
Aniruddha Jaltare,Sitabuldi,Commist,1997-08-07,Male,96,96,96,"1,99"
Aniruddha Jaltare,Sitabuldi,Commist,1997-08-08,Male,97,97,97,1100
Aniruddha Jaltare,Sitabuldi,Commist,1997-08-09,Male,98,98,98,1101
Aniruddha Jaltare,Sitabuldi,Commist,1997-08-10,Male,99,99,99,1102
Aniruddha Jaltare,Sitabuldi,Commist,1997-08-11,Male,100,100,100,1103
Aniruddha Jaltare,Sitabuldi,Commist,1997-08-12,Male,101,101,101,1104
Aniruddha Jaltare,Sitabuldi,Commist,1997-08-13,Male,102,102,102,1105
Aniruddha Jaltare,Sitabuldi,Commist,1997-08-14,Male,103,103,103,1106
Aniruddha Jaltare,Sitabuldi,Commist,1997-08-15,Male,104,104,104,1107
Aniruddha Jaltare,Sitabuldi,Commist,1997-08-16,Male,105,105,105,1108
Aniruddha Jaltare,Sitabuldi,Commist,1997-08-17,Male,106,106,106,1109
Aniruddha Jaltare,Sitabuldi,Commist,1997-08-18,Male,107,107,107,1110
Aniruddha Jaltare,Sitabuldi,Commist,1997-08-19,Male,108,108,108,1111
Aniruddha Jaltare,Sitabuldi,Commist,1997-08-20,Male,109,109,109,1112
Aniruddha Jaltare,Sitabuldi,Commist,1997-08-21,Male,110,110,110,1113
Aniruddha Jaltare,Sitabuldi,Commist,1997-08-22,Male,111,111,111,1114
Aniruddha Jaltare,Sitabuldi,Commist,1997-08-23,Male,112,112,112,1115
Aniruddha Jaltare,Sitabuldi,Commist,1997-08-24,Male,113,113,113,1116
Aniruddha Jaltare,Sitabuldi,Commist,1997-08-25,Male,114,114,114,1117
Aniruddha Jaltare,Sitabuldi,Commist,1997-08-26,Male,115,115,115,1118
Aniruddha Jaltare,Sitabuldi,Commist,1997-08-27,Male,116,116,116,1119
Aniruddha Jaltare,Sitabuldi,Commist,1997-08-28,Male,117,117,117,1120
Aniruddha Jaltare,Sitabuldi,Commist,1997-08-29,Male,118,118,118,1121
Aniruddha Jaltare,Sitabuldi,Commist,1997-08-30,Male,119,119,119,1122
Aniruddha Jaltare,Sitabuldi,Commist,1997-08-31,Male,120,120,120,1123
Aniruddha Jaltare,Sitabuldi,Commist,1997-09-01,Male,121,121,121,1124
Aniruddha Jaltare,Sitabuldi,Commist,1997-09-02,Male,122,122,122,1125
Aniruddha Jaltare,Sitabuldi,Commist,1997-09-03,Male,123,123,123,1126
Aniruddha Jaltare,Sitabuldi,Commist,1997-09-04,Male,124,124,124,1127
Aniruddha Jaltare,Sitabuldi,Commist,1997-09-05,Male,125,125,125,1128
Aniruddha Jaltare,Sitabuldi,Commist,1997-09-06,Male,126,126,126,1129
Aniruddha Jaltare,Sitabuldi,Commist,1997-09-07,Male,127,127,127,1130
Aniruddha Jaltare,Sitabuldi,Commist,1997-09-08,Male,128,128,128,1131
Aniruddha Jaltare,Sitabuldi,Commist,1997-09-09,Male,129,129,129,1132
Aniruddha Jaltare,Sitabuldi,Commist,1997-09-10,Male,130,130,130,1133
Aniruddha Jaltare,Sitabuldi,Commist,1997-09-11,Male,131,131,131,1134
Aniruddha Jaltare,Sitabuldi,Commist,1997-09-12,Male,132,132,132,1135
Aniruddha Jaltare,Sitabuldi,Commist,1997-09-13,Male,133,133,133,1136
Aniruddha Jaltare,Sitabuldi,Commist,1997-09-14,Male,134,134,134,1137
Aniruddha Jaltare,Sitabuldi,Commist,1997-09-15,Male,135,135,135,1138
Aniruddha Jaltare,Sitabuldi,Commist,1997-09-16,Male,136,136,136,1139
Aniruddha Jaltare,Sitabuldi,Commist,1997-09-17,Male,137,137,137,1140
Aniruddha Jaltare,Sitabuldi,Commist,1997-09-18,Male,138,138,138,1141
Aniruddha Jaltare,Sitabuldi,Commist,1997-09-19,Male,139,139,139,1142
Aniruddha Jaltare,Sitabuldi,Commist,1997-09-20,Male,140,140,140,1143
Aniruddha Jaltare,Sitabuldi,Commist,1997-09-21,Male,141,141,141,1144
Aniruddha Jaltare,Sitabuldi,Commist,1997-09-22,Male,142,142,142,1145
Aniruddha Jaltare,Sitabuldi,Commist,1997-09-23,Male,143,143,143,1146
Aniruddha Jaltare,Sitabuldi,Commist,1997-09-24,Male,144,144,144,1147
Aniruddha Jaltare,Sitabuldi,Commist,1997-09-25,Male,145,145,145,1148
Aniruddha Jaltare,Sitabuldi,Commist,1997-09-26,Male,146,146,146,1149
Aniruddha Jaltare,Sitabuldi,Commist,1997-09-27,Male,147,147,147,1150
Aniruddha Jaltare,Sitabuldi,Commist,1997-09-28,Male,148,148,148,1151
Aniruddha Jaltare,Sitabuldi,Commist,1997-09-29,Male,149,149,149,1152
Aniruddha Jaltare,Sitabuldi,Commist,1997-09-30,Male,150,150,150,1153
Aniruddha Jaltare,Sitabuldi,Commist,1997-10-01,Male,151,151,151,1154
Aniruddha Jaltare,Sitabuldi,Commist,1997-10-02,Male,152,152,152,1155
Aniruddha Jaltare,Sitabuldi,Commist,1997-10-03,Male,153,153,153,1156
Aniruddha Jaltare,Sitabuldi,Commist,1997-10-04,Male,154,154,154,1157
Aniruddha Jaltare,Sitabuldi,Commist,1997-10-05,Male,155,155,155,1158
Aniruddha Jaltare,Sitabuldi,Commist,1997-10-06,Male,156,156,156,1159
Aniruddha Jaltare,Sitabuldi,Commist,1997-10-07,Male,157,157,157,1160
Aniruddha Jaltare,Sitabuldi,Commist,1997-10-08,Male,158,158,158,1161
Aniruddha Jaltare,Sitabuldi,Commist,1997-10-09,Male,159,159,159,1162
Aniruddha Jaltare,Sitabuldi,Commist,1997-10-10,Male,160,160,160,1163
Aniruddha Jaltare,Sitabuldi,Commist,1997-10-11,Male,161,161,161,1164
Aniruddha Jaltare,Sitabuldi,Commist,1997-10-12,Male,162,162,162,1165
Aniruddha Jaltare,Sitabuldi,Commist,1997-10-13,Male,163,163,163,1166
Aniruddha Jaltare,Sitabuldi,Commist,1997-10-14,Male,164,164,164,1167
Aniruddha Jaltare,Sitabuldi,Commist,1997-10-15,Male,165,165,165,1168
Aniruddha Jaltare,Sitabuldi,Commist,1997-10-16,Male,166,166,166,1169
Aniruddha Jaltare,Sitabuldi,Commist,1997-10-17,Male,167,167,167,1170
Aniruddha Jaltare,Sitabuldi,Commist,1997-10-18,Male,168,168,168,1171
Aniruddha Jaltare,Sitabuldi,Commist,1997-10-19,Male,169,169,169,1172
Aniruddha Jaltare,Sitabuldi,Commist,1997-10-20,Male,170,170,170,1173
Aniruddha Jaltare,Sitabuldi,Commist,1997-10-21,Male,171,171,171,1174
Aniruddha Jaltare,Sitabuldi,Commist,1997-10-22,Male,172,172,172,1175
Aniruddha Jaltare,Sitabuldi,Commist,1997-10-23,Male,173,173,173,1176
Aniruddha Jaltare,Sitabuldi,Commist,1997-10-24,Male,174,174,174,1177
Aniruddha Jaltare,Sitabuldi,Commist,1997-10-25,Male,175,175,175,1178
Aniruddha Jaltare,Sitabuldi,Commist,1997-10-26,Male,176,176,176,1179
Aniruddha Jaltare,Sitabuldi,Commist,1997-10-27,Male,177,177,177,1180
Aniruddha Jaltare,Sitabuldi,Commist,1997-10-28,Male,178,178,178,1181
Aniruddha Jaltare,Sitabuldi,Commist,1997-10-29,Male,179,179,179,1182
Aniruddha Jaltare,Sitabuldi,Commist,1997-10-30,Male,180,180,180,1183
Aniruddha Jaltare,Sitabuldi,Commist,1997-10-31,Male,181,181,181,1184
Aniruddha Jaltare,Sitabuldi,Commist,1997-11-01,Male,182,182,182,1185
Aniruddha Jaltare,Sitabuldi,Commist,1997-11-02,Male,183,183,183,1186
Aniruddha Jaltare,Sitabuldi,Commist,1997-11-03,Male,184,184,184,1187
Aniruddha Jaltare,Sitabuldi,Commist,1997-11-04,Male,185,185,185,1188
Aniruddha Jaltare,Sitabuldi,Commist,1997-11-05,Male,186,186,186,1189
Aniruddha Jaltare,Sitabuldi,Commist,1997-11-06,Male,187,187,187,1190
Aniruddha Jaltare,Sitabuldi,Commist,1997-11-07,Male,188,188,188,1191
Aniruddha Jaltare,Sitabuldi,Commist,1997-11-08,Male,189,189,189,1192
Aniruddha Jaltare,Sitabuldi,Commist,1997-11-09,Male,190,190,190,1193
Aniruddha Jaltare,Sitabuldi,Commist,1997-11-10,Male,191,191,191,1194
Aniruddha Jaltare,Sitabuldi,Commist,1997-11-11,Male,192,192,192,1195
Aniruddha Jaltare,Sitabuldi,Commist,1997-11-12,Male,193,193,193,1196
Aniruddha Jaltare,Sitabuldi,Commist,1997-11-13,Male,194,194,194,1197
Aniruddha Jaltare,Sitabuldi,Commist,1997-11-14,Male,195,195,195,1198
Aniruddha Jaltare,Sitabuldi,Commist,1997-11-15,Male,196,196,196,1199
Aniruddha Jaltare,Sitabuldi,Commist,1997-11-16,Male,197,197,197,1200
Aniruddha Jaltare,Sitabuldi,Commist,1997-11-17,Male,198,198,198,1201
Aniruddha Jaltare,Sitabuldi,Commist,1997-11-18,Male,199,199,199,1202
Aniruddha Jaltare,Sitabuldi,Commist,1997-11-19,Male,200,200,200,1203
Aniruddha Jaltare,Sitabuldi,Commist,1997-11-20,Male,201,201,201,1204
Aniruddha Jaltare,Sitabuldi,Commist,1997-11-21,Male,202,202,202,1205
Aniruddha Jaltare,Sitabuldi,Commist,1997-11-22,Male,203,203,203,1206
Aniruddha Jaltare,Sitabuldi,Commist,1997-11-23,Male,204,204,204,1207
Aniruddha Jaltare,Sitabuldi,Commist,1997-11-24,Male,205,205,205,1208
Aniruddha Jaltare,Sitabuldi,Commist,1997-11-25,Male,206,206,206,1209
Aniruddha Jaltare,Sitabuldi,Commist,1997-11-26,Male,207,207,207,1210
Aniruddha Jaltare,Sitabuldi,Commist,1997-11-27,Male,208,208,208,1211
Aniruddha Jaltare,Sitabuldi,Commist,1997-11-28,Male,209,209,209,1212
Aniruddha Jaltare,Sitabuldi,Commist,1997-11-29,Male,210,210,210,1213
Aniruddha Jaltare,Sitabuldi,Commist,1997-11-30,Male,211,211,211,1214
Aniruddha Jaltare,Sitabuldi,Commist,1997-12-01,Male,212,212,212,1215
Aniruddha Jaltare,Sitabuldi,Commist,1997-12-02,Male,213,213,213,1216
Aniruddha Jaltare,Sitabuldi,Commist,1997-12-03,Male,214,214,214,1217
Aniruddha Jaltare,Sitabuldi,Commist,1997-12-04,Male,215,215,215,1218
Aniruddha Jaltare,Sitabuldi,Commist,1997-12-05,Male,216,216,216,1219
Aniruddha Jaltare,Sitabuldi,Commist,1997-12-06,Male,217,217,217,1220
Aniruddha Jaltare,Sitabuldi,Commist,1997-12-07,Male,218,218,218,1221
Aniruddha Jaltare,Sitabuldi,Commist,1997-12-08,Male,219,219,219,1222
Aniruddha Jaltare,Sitabuldi,Commist,1997-12-09,Male,220,220,220,1223
Aniruddha Jaltare,Sitabuldi,Commist,1997-12-10,Male,221,221,221,1224
Aniruddha Jaltare,Sitabuldi,Commist,1997-12-11,Male,222,222,222,1225
Aniruddha Jaltare,Sitabuldi,Commist,1997-12-12,Male,223,223,223,1226
Aniruddha Jaltare,Sitabuldi,Commist,1997-12-13,Male,224,224,224,1227
Aniruddha Jaltare,Sitabuldi,Commist,1997-12-14,Male,225,225,225,1228
Aniruddha Jaltare,Sitabuldi,Commist,1997-12-15,Male,226,226,226,1229
Aniruddha Jaltare,Sitabuldi,Commist,1997-12-16,Male,227,227,227,1230
Aniruddha Jaltare,Sitabuldi,Commist,1997-12-17,Male,228,228,228,1231
Aniruddha Jaltare,Sitabuldi,Commist,1997-12-18,Male,229,229,229,1232
Aniruddha Jaltare,Sitabuldi,Commist,1997-12-19,Male,230,230,230,1233
Aniruddha Jaltare,Sitabuldi,Commist,1997-12-20,Male,231,231,231,1234
Aniruddha Jaltare,Sitabuldi,Commist,1997-12-21,Male,232,232,232,1235
Aniruddha Jaltare,Sitabuldi,Commist,1997-12-22,Male,233,233,233,1236
Aniruddha Jaltare,Sitabuldi,Commist,1997-12-23,Male,234,234,234,1237
Aniruddha Jaltare,Sitabuldi,Commist,1997-12-24,Male,235,235,235,1238
Aniruddha Jaltare,Sitabuldi,Commist,1997-12-25,Male,236,236,236,1239
Aniruddha Jaltare,Sitabuldi,Commist,1997-12-26,Male,237,237,237,1240
Aniruddha Jaltare,Sitabuldi,Commist,1997-12-27,Male,238,238,238,1241
Aniruddha Jaltare,Sitabuldi,Commist,1997-12-28,Male,239,239,239,1242
Aniruddha Jaltare,Sitabuldi,Commist,1997-12-29,Male,240,240,240,1243
Aniruddha Jaltare,Sitabuldi,Commist,1997-12-30,Male,241,241,241,1244
Aniruddha Jaltare,Sitabuldi,Commist,1997-12-31,Male,242,242,242,1245
Aniruddha Jaltare,Sitabuldi,Commist,1998-01-01,Male,243,243,243,1246
Aniruddha Jaltare,Sitabuldi,Commist,1998-01-02,Male,244,244,244,1247
Aniruddha Jaltare,Sitabuldi,Commist,1998-01-03,Male,245,245,245,1248
Aniruddha Jaltare,Sitabuldi,Commist,1998-01-04,Male,246,246,246,1249
Aniruddha Jaltare,Sitabuldi,Commist,1998-01-05,Male,247,247,247,1250
Aniruddha Jaltare,Sitabuldi,Commist,1998-01-06,Male,248,248,248,1251
Aniruddha Jaltare,Sitabuldi,Commist,1998-01-07,Male,249,249,249,1252
Aniruddha Jaltare,Sitabuldi,Commist,1998-01-08,Male,250,250,250,1253
Aniruddha Jaltare,Sitabuldi,Commist,1998-01-09,Male,251,251,251,1254
Aniruddha Jaltare,Sitabuldi,Commist,1998-01-10,Male,252,252,252,1255
Aniruddha Jaltare,Sitabuldi,Commist,1998-01-11,Male,253,253,253,1256
Aniruddha Jaltare,Sitabuldi,Commist,1998-01-12,Male,254,254,254,1257
Aniruddha Jaltare,Sitabuldi,Commist,1998-01-13,Male,255,255,255,1258
Aniruddha Jaltare,Sitabuldi,Commist,1998-01-14,Male,256,256,256,1259
Aniruddha Jaltare,Sitabuldi,Commist,1998-01-15,Male,257,257,257,1260
Aniruddha Jaltare,Sitabuldi,Commist,1998-01-16,Male,258,258,258,1261
Aniruddha Jaltare,Sitabuldi,Commist,1998-01-17,Male,259,259,259,1262
Aniruddha Jaltare,Sitabuldi,Commist,1998-01-18,Male,260,260,260,1263
Aniruddha Jaltare,Sitabuldi,Commist,1998-01-19,Male,261,261,261,1264
Aniruddha Jaltare,Sitabuldi,Commist,1998-01-20,Male,262,262,262,1265
Aniruddha Jaltare,Sitabuldi,Commist,1998-01-21,Male,263,263,263,1266
Aniruddha Jaltare,Sitabuldi,Commist,1998-01-22,Male,264,264,264,1267
Aniruddha Jaltare,Sitabuldi,Commist,1998-01-23,Male,265,265,265,1268
Aniruddha Jaltare,Sitabuldi,Commist,1998-01-24,Male,266,266,266,1269
Aniruddha Jaltare,Sitabuldi,Commist,1998-01-25,Male,267,267,267,1270
Aniruddha Jaltare,Sitabuldi,Commist,1998-01-26,Male,268,268,268,1271
Aniruddha Jaltare,Sitabuldi,Commist,1998-01-27,Male,269,269,269,1272
Aniruddha Jaltare,Sitabuldi,Commist,1998-01-28,Male,270,270,270,1273
Aniruddha Jaltare,Sitabuldi,Commist,1998-01-29,Male,271,271,271,1274
Aniruddha Jaltare,Sitabuldi,Commist,1998-01-30,Male,272,272,272,1275
Aniruddha Jaltare,Sitabuldi,Commist,1998-01-31,Male,273,273,273,1276
Aniruddha Jaltare,Sitabuldi,Commist,1998-02-01,Male,274,274,274,1277
Aniruddha Jaltare,Sitabuldi,Commist,1998-02-02,Male,275,275,275,1278
Aniruddha Jaltare,Sitabuldi,Commist,1998-02-03,Male,276,276,276,1279
Aniruddha Jaltare,Sitabuldi,Commist,1998-02-04,Male,277,277,277,1280
Aniruddha Jaltare,Sitabuldi,Commist,1998-02-05,Male,278,278,278,1281
Aniruddha Jaltare,Sitabuldi,Commist,1998-02-06,Male,279,279,279,1282
Aniruddha Jaltare,Sitabuldi,Commist,1998-02-07,Male,280,280,280,1283
Aniruddha Jaltare,Sitabuldi,Commist,1998-02-08,Male,281,281,281,1284
Aniruddha Jaltare,Sitabuldi,Commist,1998-02-09,Male,282,282,282,1285
Aniruddha Jaltare,Sitabuldi,Commist,1998-02-10,Male,283,283,283,1286
Aniruddha Jaltare,Sitabuldi,Commist,1998-02-11,Male,284,284,284,1287
Aniruddha Jaltare,Sitabuldi,Commist,1998-02-12,Male,285,285,285,1288
Aniruddha Jaltare,Sitabuldi,Commist,1998-02-13,Male,286,286,286,1289
Aniruddha Jaltare,Sitabuldi,Commist,1998-02-14,Male,287,287,287,1290
Aniruddha Jaltare,Sitabuldi,Commist,1998-02-15,Male,288,288,288,1291
Aniruddha Jaltare,Sitabuldi,Commist,1998-02-16,Male,289,289,289,1292
Aniruddha Jaltare,Sitabuldi,Commist,1998-02-17,Male,290,290,290,1293
Aniruddha Jaltare,Sitabuldi,Commist,1998-02-18,Male,291,291,291,1294
Aniruddha Jaltare,Sitabuldi,Commist,1998-02-19,Male,292,292,292,1295
Aniruddha Jaltare,Sitabuldi,Commist,1998-02-20,Male,293,293,293,1296
Aniruddha Jaltare,Sitabuldi,Commist,1998-02-21,Male,294,294,294,1297
Aniruddha Jaltare,Sitabuldi,Commist,1998-02-22,Male,295,295,295,1298
Aniruddha Jaltare,Sitabuldi,Commist,1998-02-23,Male,296,296,296,1299
Aniruddha Jaltare,Sitabuldi,Commist,1998-02-24,Male,297,297,297,1300
Aniruddha Jaltare,Sitabuldi,Commist,1998-02-25,Male,298,298,298,1301
Aniruddha Jaltare,Sitabuldi,Commist,1998-02-26,Male,299,299,299,1302
Aniruddha Jaltare,Sitabuldi,Commist,1998-02-27,Male,300,300,300,1303
Aniruddha Jaltare,Sitabuldi,Commist,1998-02-28,Male,301,301,301,1304
Aniruddha Jaltare,Sitabuldi,Commist,1998-03-01,Male,302,302,302,1305
Aniruddha Jaltare,Sitabuldi,Commist,1998-03-02,Male,303,303,303,1306
Aniruddha Jaltare,Sitabuldi,Commist,1998-03-03,Male,304,304,304,1307
Aniruddha Jaltare,Sitabuldi,Commist,1998-03-04,Male,305,305,305,1308
Aniruddha Jaltare,Sitabuldi,Commist,1998-03-05,Male,306,306,306,1309
Aniruddha Jaltare,Sitabuldi,Commist,1998-03-06,Male,307,307,307,1310
Aniruddha Jaltare,Sitabuldi,Commist,1998-03-07,Male,308,308,308,1311
Aniruddha Jaltare,Sitabuldi,Commist,1998-03-08,Male,309,309,309,1312
Aniruddha Jaltare,Sitabuldi,Commist,1998-03-09,Male,310,310,310,1313
Aniruddha Jaltare,Sitabuldi,Commist,1998-03-10,Male,311,311,311,1314
Aniruddha Jaltare,Sitabuldi,Commist,1998-03-11,Male,312,312,312,1315
Aniruddha Jaltare,Sitabuldi,Commist,1998-03-12,Male,313,313,313,1316
Aniruddha Jaltare,Sitabuldi,Commist,1998-03-13,Male,314,314,314,1317
Aniruddha Jaltare,Sitabuldi,Commist,1998-03-14,Male,315,315,315,1318
Aniruddha Jaltare,Sitabuldi,Commist,1998-03-15,Male,316,316,316,1319
Aniruddha Jaltare,Sitabuldi,Commist,1998-03-16,Male,317,317,317,1320
Aniruddha Jaltare,Sitabuldi,Commist,1998-03-17,Male,318,318,318,1321
Aniruddha Jaltare,Sitabuldi,Commist,1998-03-18,Male,319,319,319,1322
Aniruddha Jaltare,Sitabuldi,Commist,1998-03-19,Male,320,320,320,1323
Aniruddha Jaltare,Sitabuldi,Commist,1998-03-20,Male,321,321,321,1324
Aniruddha Jaltare,Sitabuldi,Commist,1998-03-21,Male,322,322,322,1325
Aniruddha Jaltare,Sitabuldi,Commist,1998-03-22,Male,323,323,323,1326
Aniruddha Jaltare,Sitabuldi,Commist,1998-03-23,Male,324,324,324,1327
Aniruddha Jaltare,Sitabuldi,Commist,1998-03-24,Male,325,325,325,1328
Aniruddha Jaltare,Sitabuldi,Commist,1998-03-25,Male,326,326,326,1329
Aniruddha Jaltare,Sitabuldi,Commist,1998-03-26,Male,327,327,327,1330
Aniruddha Jaltare,Sitabuldi,Commist,1998-03-27,Male,328,328,328,1331
Aniruddha Jaltare,Sitabuldi,Commist,1998-03-28,Male,329,329,329,1332
Aniruddha Jaltare,Sitabuldi,Commist,1998-03-29,Male,330,330,330,1333
Aniruddha Jaltare,Sitabuldi,Commist,1998-03-30,Male,331,331,331,1334
Aniruddha Jaltare,Sitabuldi,Commist,1998-03-31,Male,332,332,332,1335
Aniruddha Jaltare,Sitabuldi,Commist,1998-04-01,Male,333,333,333,1336
Aniruddha Jaltare,Sitabuldi,Commist,1998-04-02,Male,334,334,334,1337
Aniruddha Jaltare,Sitabuldi,Commist,1998-04-03,Male,335,335,335,1338
Aniruddha Jaltare,Sitabuldi,Commist,1998-04-04,Male,336,336,336,1339
Aniruddha Jaltare,Sitabuldi,Commist,1998-04-05,Male,337,337,337,1340
Aniruddha Jaltare,Sitabuldi,Commist,1998-04-06,Male,338,338,338,1341
Aniruddha Jaltare,Sitabuldi,Commist,1998-04-07,Male,339,339,339,1342
Aniruddha Jaltare,Sitabuldi,Commist,1998-04-08,Male,340,340,340,1343
Aniruddha Jaltare,Sitabuldi,Commist,1998-04-09,Male,341,341,341,1344
Aniruddha Jaltare,Sitabuldi,Commist,1998-04-10,Male,342,342,342,1345
Aniruddha Jaltare,Sitabuldi,Commist,1998-04-11,Male,343,343,343,1346
Aniruddha Jaltare,Sitabuldi,Commist,1998-04-12,Male,344,344,344,1347
Aniruddha Jaltare,Sitabuldi,Commist,1998-04-13,Male,345,345,345,1348
Aniruddha Jaltare,Sitabuldi,Commist,1998-04-14,Male,346,346,346,1349
Aniruddha Jaltare,Sitabuldi,Commist,1998-04-15,Male,347,347,347,1350
Aniruddha Jaltare,Sitabuldi,Commist,1998-04-16,Male,348,348,348,1351
Aniruddha Jaltare,Sitabuldi,Commist,1998-04-17,Male,349,349,349,1352
Aniruddha Jaltare,Sitabuldi,Commist,1998-04-18,Male,350,350,350,1353
Aniruddha Jaltare,Sitabuldi,Commist,1998-04-19,Male,351,351,351,1354
Aniruddha Jaltare,Sitabuldi,Commist,1998-04-20,Male,352,352,352,1355
Aniruddha Jaltare,Sitabuldi,Commist,1998-04-21,Male,353,353,353,1356
Aniruddha Jaltare,Sitabuldi,Commist,1998-04-22,Male,354,354,354,1357
Aniruddha Jaltare,Sitabuldi,Commist,1998-04-23,Male,355,355,355,1358
Aniruddha Jaltare,Sitabuldi,Commist,1998-04-24,Male,356,356,356,1359
Aniruddha Jaltare,Sitabuldi,Commist,1998-04-25,Male,357,357,357,1360
Aniruddha Jaltare,Sitabuldi,Commist,1998-04-26,Male,358,358,358,1361
Aniruddha Jaltare,Sitabuldi,Commist,1998-04-27,Male,359,359,359,1362
Aniruddha Jaltare,Sitabuldi,Commist,1998-04-28,Male,360,360,360,1363
Aniruddha Jaltare,Sitabuldi,Commist,1998-04-29,Male,361,361,361,1364
Aniruddha Jaltare,Sitabuldi,Commist,1998-04-30,Male,362,362,362,1365
Aniruddha Jaltare,Sitabuldi,Commist,1998-05-01,Male,363,363,363,1366
Aniruddha Jaltare,Sitabuldi,Commist,1998-05-02,Male,364,364,364,1367
Aniruddha Jaltare,Sitabuldi,Commist,1998-05-03,Male,365,365,365,1368
Aniruddha Jaltare,Sitabuldi,Commist,1998-05-04,Male,366,366,366,1369
Aniruddha Jaltare,Sitabuldi,Commist,1998-05-05,Male,367,367,367,1370
Aniruddha Jaltare,Sitabuldi,Commist,1998-05-06,Male,368,368,368,1371
Aniruddha Jaltare,Sitabuldi,Commist,1998-05-07,Male,369,369,369,1372
Aniruddha Jaltare,Sitabuldi,Commist,1998-05-08,Male,370,370,370,1373
Aniruddha Jaltare,Sitabuldi,Commist,1998-05-09,Male,371,371,371,1374
Aniruddha Jaltare,Sitabuldi,Commist,1998-05-10,Male,372,372,372,1375
Aniruddha Jaltare,Sitabuldi,Commist,1998-05-11,Male,373,373,373,1376
Aniruddha Jaltare,Sitabuldi,Commist,1998-05-12,Male,374,374,374,1377
Aniruddha Jaltare,Sitabuldi,Commist,1998-05-13,Male,375,375,375,1378
Aniruddha Jaltare,Sitabuldi,Commist,1998-05-14,Male,376,376,376,1379
Aniruddha Jaltare,Sitabuldi,Commist,1998-05-15,Male,377,377,377,1380
Aniruddha Jaltare,Sitabuldi,Commist,1998-05-16,Male,378,378,378,1381
Aniruddha Jaltare,Sitabuldi,Commist,1998-05-17,Male,379,379,379,1382
Aniruddha Jaltare,Sitabuldi,Commist,1998-05-18,Male,380,380,380,1383
Aniruddha Jaltare,Sitabuldi,Commist,1998-05-19,Male,381,381,381,1384
Aniruddha Jaltare,Sitabuldi,Commist,1998-05-20,Male,382,382,382,1385
Aniruddha Jaltare,Sitabuldi,Commist,1998-05-21,Male,383,383,383,1386
Aniruddha Jaltare,Sitabuldi,Commist,1998-05-22,Male,384,384,384,1387
Aniruddha Jaltare,Sitabuldi,Commist,1998-05-23,Male,385,385,385,1388
Aniruddha Jaltare,Sitabuldi,Commist,1998-05-24,Male,386,386,386,1389
Aniruddha Jaltare,Sitabuldi,Commist,1998-05-25,Male,387,387,387,1390
Aniruddha Jaltare,Sitabuldi,Commist,1998-05-26,Male,388,388,388,1391
Aniruddha Jaltare,Sitabuldi,Commist,1998-05-27,Male,389,389,389,1392
Aniruddha Jaltare,Sitabuldi,Commist,1998-05-28,Male,390,390,390,1393
Aniruddha Jaltare,Sitabuldi,Commist,1998-05-29,Male,391,391,391,1394
Aniruddha Jaltare,Sitabuldi,Commist,1998-05-30,Male,392,392,392,1395
Aniruddha Jaltare,Sitabuldi,Commist,1998-05-31,Male,393,393,393,1396
Aniruddha Jaltare,Sitabuldi,Commist,1998-06-01,Male,394,394,394,1397
Aniruddha Jaltare,Sitabuldi,Commist,1998-06-02,Male,395,395,395,1398
Aniruddha Jaltare,Sitabuldi,Commist,1998-06-03,Male,396,396,396,1399
Aniruddha Jaltare,Sitabuldi,Commist,1998-06-04,Male,397,397,397,1400
Aniruddha Jaltare,Sitabuldi,Commist,1998-06-05,Male,398,398,398,1401
Aniruddha Jaltare,Sitabuldi,Commist,1998-06-06,Male,399,399,399,1402
Aniruddha Jaltare,Sitabuldi,Commist,1998-06-07,Male,400,400,400,1403
Aniruddha Jaltare,Sitabuldi,Commist,1998-06-08,Male,401,401,401,1404
Aniruddha Jaltare,Sitabuldi,Commist,1998-06-09,Male,402,402,402,1405
Aniruddha Jaltare,Sitabuldi,Commist,1998-06-10,Male,403,403,403,1406
Aniruddha Jaltare,Sitabuldi,Commist,1998-06-11,Male,404,404,404,1407
Aniruddha Jaltare,Sitabuldi,Commist,1998-06-12,Male,405,405,405,1408
Aniruddha Jaltare,Sitabuldi,Commist,1998-06-13,Male,406,406,406,1409
Aniruddha Jaltare,Sitabuldi,Commist,1998-06-14,Male,407,407,407,1410
Aniruddha Jaltare,Sitabuldi,Commist,1998-06-15,Male,408,408,408,1411
Aniruddha Jaltare,Sitabuldi,Commist,1998-06-16,Male,409,409,409,1412
Aniruddha Jaltare,Sitabuldi,Commist,1998-06-17,Male,410,410,410,1413
Aniruddha Jaltare,Sitabuldi,Commist,1998-06-18,Male,411,411,411,1414
Aniruddha Jaltare,Sitabuldi,Commist,1998-06-19,Male,412,412,412,1415
Aniruddha Jaltare,Sitabuldi,Commist,1998-06-20,Male,413,413,413,1416
Aniruddha Jaltare,Sitabuldi,Commist,1998-06-21,Male,414,414,414,1417
Aniruddha Jaltare,Sitabuldi,Commist,1998-06-22,Male,415,415,415,1418
Aniruddha Jaltare,Sitabuldi,Commist,1998-06-23,Male,416,416,416,1419
Aniruddha Jaltare,Sitabuldi,Commist,1998-06-24,Male,417,417,417,1420
Aniruddha Jaltare,Sitabuldi,Commist,1998-06-25,Male,418,418,418,1421
Aniruddha Jaltare,Sitabuldi,Commist,1998-06-26,Male,419,419,419,1422
Aniruddha Jaltare,Sitabuldi,Commist,1998-06-27,Male,420,420,420,1423
Aniruddha Jaltare,Sitabuldi,Commist,1998-06-28,Male,421,421,421,1424
Aniruddha Jaltare,Sitabuldi,Commist,1998-06-29,Male,422,422,422,1425
Aniruddha Jaltare,Sitabuldi,Commist,1998-06-30,Male,423,423,423,1426
Aniruddha Jaltare,Sitabuldi,Commist,1998-07-01,Male,424,424,424,1427
Aniruddha Jaltare,Sitabuldi,Commist,1998-07-02,Male,425,425,425,1428
Aniruddha Jaltare,Sitabuldi,Commist,1998-07-03,Male,426,426,426,1429
Aniruddha Jaltare,Sitabuldi,Commist,1998-07-04,Male,427,427,427,1430
Aniruddha Jaltare,Sitabuldi,Commist,1998-07-05,Male,428,428,428,1431
Aniruddha Jaltare,Sitabuldi,Commist,1998-07-06,Male,429,429,429,1432
Aniruddha Jaltare,Sitabuldi,Commist,1998-07-07,Male,430,430,430,1433
Aniruddha Jaltare,Sitabuldi,Commist,1998-07-08,Male,431,431,431,1434
Aniruddha Jaltare,Sitabuldi,Commist,1998-07-09,Male,432,432,432,1435
Aniruddha Jaltare,Sitabuldi,Commist,1998-07-10,Male,433,433,433,1436
Aniruddha Jaltare,Sitabuldi,Commist,1998-07-11,Male,434,434,434,1437
Aniruddha Jaltare,Sitabuldi,Commist,1998-07-12,Male,435,435,435,1438
Aniruddha Jaltare,Sitabuldi,Commist,1998-07-13,Male,436,436,436,1439
Aniruddha Jaltare,Sitabuldi,Commist,1998-07-14,Male,437,437,437,1440
Aniruddha Jaltare,Sitabuldi,Commist,1998-07-15,Male,438,438,438,1441
Aniruddha Jaltare,Sitabuldi,Commist,1998-07-16,Male,439,439,439,1442
Aniruddha Jaltare,Sitabuldi,Commist,1998-07-17,Male,440,440,440,1443
Aniruddha Jaltare,Sitabuldi,Commist,1998-07-18,Male,441,441,441,1444
Aniruddha Jaltare,Sitabuldi,Commist,1998-07-19,Male,442,442,442,1445
Aniruddha Jaltare,Sitabuldi,Commist,1998-07-20,Male,443,443,443,1446
Aniruddha Jaltare,Sitabuldi,Commist,1998-07-21,Male,444,444,444,1447
Aniruddha Jaltare,Sitabuldi,Commist,1998-07-22,Male,445,445,445,1448
Aniruddha Jaltare,Sitabuldi,Commist,1998-07-23,Male,446,446,446,1449
Aniruddha Jaltare,Sitabuldi,Commist,1998-07-24,Male,447,447,447,1450
Aniruddha Jaltare,Sitabuldi,Commist,1998-07-25,Male,448,448,448,1451
Aniruddha Jaltare,Sitabuldi,Commist,1998-07-26,Male,449,449,449,1452
Aniruddha Jaltare,Sitabuldi,Commist,1998-07-27,Male,450,450,450,1453
Aniruddha Jaltare,Sitabuldi,Commist,1998-07-28,Male,451,451,451,1454
Aniruddha Jaltare,Sitabuldi,Commist,1998-07-29,Male,452,452,452,1455
Aniruddha Jaltare,Sitabuldi,Commist,1998-07-30,Male,453,453,453,1456
Aniruddha Jaltare,Sitabuldi,Commist,1998-07-31,Male,454,454,454,1457
Aniruddha Jaltare,Sitabuldi,Commist,1998-08-01,Male,455,455,455,1458
Aniruddha Jaltare,Sitabuldi,Commist,1998-08-02,Male,456,456,456,1459
Aniruddha Jaltare,Sitabuldi,Commist,1998-08-03,Male,457,457,457,1460
Aniruddha Jaltare,Sitabuldi,Commist,1998-08-04,Male,458,458,458,1461
Aniruddha Jaltare,Sitabuldi,Commist,1998-08-05,Male,459,459,459,1462
Aniruddha Jaltare,Sitabuldi,Commist,1998-08-06,Male,460,460,460,1463
Aniruddha Jaltare,Sitabuldi,Commist,1998-08-07,Male,461,461,461,1464
Aniruddha Jaltare,Sitabuldi,Commist,1998-08-08,Male,462,462,462,1465
Aniruddha Jaltare,Sitabuldi,Commist,1998-08-09,Male,463,463,463,1466
Aniruddha Jaltare,Sitabuldi,Commist,1998-08-10,Male,464,464,464,1467
Aniruddha Jaltare,Sitabuldi,Commist,1998-08-11,Male,465,465,465,1468
Aniruddha Jaltare,Sitabuldi,Commist,1998-08-12,Male,466,466,466,1469
Aniruddha Jaltare,Sitabuldi,Commist,1998-08-13,Male,467,467,467,1470
Aniruddha Jaltare,Sitabuldi,Commist,1998-08-14,Male,468,468,468,1471
Aniruddha Jaltare,Sitabuldi,Commist,1998-08-15,Male,469,469,469,1472
Aniruddha Jaltare,Sitabuldi,Commist,1998-08-16,Male,470,470,470,1473
Aniruddha Jaltare,Sitabuldi,Commist,1998-08-17,Male,471,471,471,1474
Aniruddha Jaltare,Sitabuldi,Commist,1998-08-18,Male,472,472,472,1475
Aniruddha Jaltare,Sitabuldi,Commist,1998-08-19,Male,473,473,473,1476
Aniruddha Jaltare,Sitabuldi,Commist,1998-08-20,Male,474,474,474,1477
Aniruddha Jaltare,Sitabuldi,Commist,1998-08-21,Male,475,475,475,1478
Aniruddha Jaltare,Sitabuldi,Commist,1998-08-22,Male,476,476,476,1479
Aniruddha Jaltare,Sitabuldi,Commist,1998-08-23,Male,477,477,477,1480
Aniruddha Jaltare,Sitabuldi,Commist,1998-08-24,Male,478,478,478,1481
Aniruddha Jaltare,Sitabuldi,Commist,1998-08-25,Male,479,479,479,1482
Aniruddha Jaltare,Sitabuldi,Commist,1998-08-26,Male,480,480,480,1483
Aniruddha Jaltare,Sitabuldi,Commist,1998-08-27,Male,481,481,481,1484
Aniruddha Jaltare,Sitabuldi,Commist,1998-08-28,Male,482,482,482,1485
Aniruddha Jaltare,Sitabuldi,Commist,1998-08-29,Male,483,483,483,1486
Aniruddha Jaltare,Sitabuldi,Commist,1998-08-30,Male,484,484,484,1487
Aniruddha Jaltare,Sitabuldi,Commist,1998-08-31,Male,485,485,485,1488
Aniruddha Jaltare,Sitabuldi,Commist,1998-09-01,Male,486,486,486,1489
Aniruddha Jaltare,Sitabuldi,Commist,1998-09-02,Male,487,487,487,1490
Aniruddha Jaltare,Sitabuldi,Commist,1998-09-03,Male,488,488,488,1491
Aniruddha Jaltare,Sitabuldi,Commist,1998-09-04,Male,489,489,489,1492
Aniruddha Jaltare,Sitabuldi,Commist,1998-09-05,Male,490,490,490,1493
Aniruddha Jaltare,Sitabuldi,Commist,1998-09-06,Male,491,491,491,1494
Aniruddha Jaltare,Sitabuldi,Commist,1998-09-07,Male,492,492,492,1495
Aniruddha Jaltare,Sitabuldi,Commist,1998-09-08,Male,493,493,493,1496
Aniruddha Jaltare,Sitabuldi,Commist,1998-09-09,Male,494,494,494,1497
Aniruddha Jaltare,Sitabuldi,Commist,1998-09-10,Male,495,495,495,1498
Aniruddha Jaltare,Sitabuldi,Commist,1998-09-11,Male,496,496,496,1499
Aniruddha Jaltare,Sitabuldi,Commist,1998-09-12,Male,497,497,497,1500
Aniruddha Jaltare,Sitabuldi,Commist,1998-09-13,Male,498,498,498,1501
Aniruddha Jaltare,Sitabuldi,Commist,1998-09-14,Male,499,499,499,1502
