name,email_address,dob,gender,status,created
Saurabh Pingle,saurabh@guestbook.com,1990-06-01,Male,Active,2021-06-04 14:17:44,
User,user@guestbook.com,1990-07-01,Male,Active,2021-06-04 14:20:02,
Akshay Durve,akshay@gmail.com,1970-01-01,Male,Active,2021-06-04 20:40:12,
Mansi Hardas,mansi@gmail.com,1995-06-13,Female,Active,2021-06-05 18:40:51,
Dhiraj Katore,dhiraj@gmail.com,1990-06-01,Male,Active,2021-06-08 07:59:50,
Sunil Upadhyaksh,sunil@gmail.com,1992-06-16,Male,Block,2021-06-08 13:53:36,
Sudha Mohite,sudha@gmail.com,1990-06-07,Female,Pending,2021-06-08 13:56:58,
Jayant Adhikari,jayant@gmail.com,1970-01-01,,Active,2021-06-08 17:19:57,
Nishant Nagpure,nishant@gmail.com,,,Pending,2021-06-18 16:42:13,
Shree,shree@gmail.com,1970-01-01,Male,Active,2021-06-28 16:43:19,
Shami,shami@gmail.com,1970-01-01,Female,Active,2021-06-28 16:43:55,
Jaya Datta,jayadatta@gmail.com,1970-01-01,,Block,2021-06-29 20:55:42,
